<?xml version="1.0" encoding="UTF-8" standalone="yes"?>
<addon id="repository.openelf" name="OpenElf Addon Repository" version="1.0" provider-name="OpenElf">
	<extension point="xbmc.addon.repository" name="OpenElf Addon Repository">
		<info compressed="false">http://raw.github.com/OpenElf/openelf/master/addons.xml</info>
		<checksum>http://raw.github.com/OpenElf/openelf/master/addons.xml.md5</checksum>
		<datadir zip="true">http://raw.github.com/OpenElf/openelf/master/zips</datadir>
	</extension>
	<extension point="xbmc.addon.metadata">
		<summary>Watch movies, tvshows and live tv within Kodi</summary>
		<description>Install ALL the addons in this repo. Launch the OpenView HD addon for a magical Kodi experience. You do not need to launch any other addons!!!!</description>
		<platform>all</platform>
	</extension>
</addon>

